Email,Password,First Name,Last Name
alex.lee@gmail.com,1234,Alex,Lee
lee.cooper@gmail.com,1234,Lee,Cooper
zahid.jewel@gmail.com,1234,Zahid,Jewel
john.doe@gmail.com,1234,John,Doe
nabil.rashid@gmail.com,1234,Nabil,Rashid
nazmul.karim@gmail.com,1234,Nazmul,Karim
scottie.barton@hotmail.com,1234,Scottie,Barton
rossie.little@yahoo.com,1234,Rossie,Little
dangelo.carroll@hotmail.com,1234,Dangelo,Carroll
